<?xml version="1.0" encoding="utf-8"?>

<Icon height="192" resDensity="480" screenWidth="1080" useVariableUpdater="DateTime.Minute" version="2" width="192">
  <ExternalCommands/>
  <VariableBinders>
    <ContentProviderBinder columns="weather_type,temperature" countName="hasweather" uri="content://weather/actualWeatherData/1">
      <Variable column="temperature" name="weather_temperature" type="number"/>
      <Variable column="weather_type" name="weather_id" type="number"/>
      <Trigger>
        <VariableCommand expression="ifelse(#weather_id}25||#weather_id{0,0, (#weather_id}=4**#weather_id{=6||#weather_id}=8**#weather_id{=11||#weather_id==25),4,#weather_id}=13**#weather_id{=17,13 ,#weather_id}=18**#weather_id{=21||#weather_id==23,18,#weather_id)" name="weather_id"/>
      </Trigger>
    </ContentProviderBinder>
  </VariableBinders>
  <!-- IconWeather2	源图+数字天气 -->

  <Image align="center" alignV="center" src="IconWeather2_src/icon_bg.png" x="96" y="96"/>
  <Image align="center" alignV="center" src="IconWeather2_src/weather.png" srcid="#weather_id" x="96" y="96"/>
  <Text align="center" color="#ffffff" size="56" textExp="#weather_temperature+&apos;°&apos;" x="64" y="22"/>
</Icon>
