<?xml version="1.0" encoding="utf-8"?>

<Icon height="192" resDensity="480" screenWidth="1080" useVariableUpdater="DateTime.Minute" version="2" width="192">
  <Var const="true" expression="192" name="icon_width" type="int"/>
  <Var const="true" expression="192" name="icon_height" type="int"/>
  <Var const="true" expression="1.0*#icon_width/#icon_height" name="icon_aspect_ratio" type="float"/>
  <Var expression="#hour12*30+#minute/2" name="hour_angle_raw"/>
  <Var expression="#minute*6" name="minute_angle_raw"/>
  <Group>
    <Image align="center" alignV="center" h="#icon_height" src="bg.png" w="#icon_width" x="#icon_width/2" y="#icon_height/2"/>
    <Image align="center" alignV="center" angle="#minute_angle_raw" centerX="#icon_width/2" centerY="#icon_height/2" h="#icon_height" src="m.png" w="#icon_width" x="#icon_width/2" y="#icon_height/2"/>
    <Image align="center" alignV="center" angle="#hour_angle_raw" centerX="#icon_width/2" centerY="#icon_height/2" h="#icon_height" src="h.png" w="#icon_width" x="#icon_width/2" y="#icon_height/2"/>
    <Var name="an_1">
      <VariableAnimation>
        <AniFrame time="0" value="0"/>
        <AniFrame time="100" value="1"/>
        <AniFrame time="999999999999" value="1"/>
      </VariableAnimation>
    </Var>
  </Group>
</Icon>
