<?xml version="1.0" encoding="utf-8"?>
<Icon version="2" width="192" height="192" screenWidth="1080" resDensity="480" useVariableUpdater="DateTime.Minute">
						<Var name="icon_width" expression="192" type="int" const="true"/>
						<Var name="icon_height" expression="192" type="int" const="true"/>
						<Var name="icon_aspect_ratio" expression="1.0*#icon_width/#icon_height" type="float" const="true"/>
						<Var name="hour_angle_raw" expression="#hour12*30+#minute/2"/>
						<Var name="minute_angle_raw" expression="#minute*6"/>
						<Group>
							<Image w="#icon_width" h="#icon_height" x="#icon_width/2" y="#icon_height/2" align="center" alignV="center" src="bg.png"/>
							<Image w="#icon_width" h="#icon_height" x="#icon_width/2" y="#icon_height/2" align="center" alignV="center" angle="#minute_angle_raw" centerX="#icon_width/2" centerY="#icon_height/2" src="m.png"/>
							<Image w="#icon_width" h="#icon_height" x="#icon_width/2" y="#icon_height/2" align="center" alignV="center" angle="#hour_angle_raw" centerX="#icon_width/2" centerY="#icon_height/2" src="h.png"/>
							<Var name="an_1">
								<VariableAnimation>
									<AniFrame value="0" time="0"/>
									<AniFrame value="1" time="100"/>
									<AniFrame value="1" time="999999999999"/>
								</VariableAnimation>
							</Var>
						</Group>
</Icon>